username,email,password,first_name,last_name,image_url
tuckerdiane,ronald38@yahoo.com,$2b$12$Q1PUFjhN/AWRQ21LbGYvjeLpZZB6lfZ1BPwifHALGO6oIbyC3CmJe,Diane,Tucker,https://randomuser.me/api/portraits/men/80.jpg
edward88,richard65@martin.net,$2b$12$Q1PUFjhN/AWRQ21LbGYvjeLpZZB6lfZ1BPwifHALGO6oIbyC3CmJe,Edward,Palmer,https://randomuser.me/api/portraits/lego/5.jpg
joanna15,helen38@hotmail.com,$2b$12$Q1PUFjhN/AWRQ21LbGYvjeLpZZB6lfZ1BPwifHALGO6oIbyC3CmJe,Joanna,Gagliardi,https://randomuser.me/api/portraits/women/6.jpg
kwilliams,mcdonaldjohn@parks-miller.com,$2b$12$Q1PUFjhN/AWRQ21LbGYvjeLpZZB6lfZ1BPwifHALGO6oIbyC3CmJe,Katherine,Williams,https://randomuser.me/api/portraits/lego/3.jpg
palmermichael,ljohnson@grimes-stevens.net,$2b$12$Q1PUFjhN/AWRQ21LbGYvjeLpZZB6lfZ1BPwifHALGO6oIbyC3CmJe,Michael,Snowden,https://randomuser.me/api/portraits/women/97.jpg
becklinda,angelicaparker@nguyen.com,$2b$12$Q1PUFjhN/AWRQ21LbGYvjeLpZZB6lfZ1BPwifHALGO6oIbyC3CmJe,Linda,Beck,https://randomuser.me/api/portraits/lego/5.jpg
pattersonangela,laura85@barrett-hunter.com,$2b$12$Q1PUFjhN/AWRQ21LbGYvjeLpZZB6lfZ1BPwifHALGO6oIbyC3CmJe,Angela,Patterson,https://randomuser.me/api/portraits/men/50.jpg
crawfordshawn,murphyjohn@hernandez-beard.info,$2b$12$Q1PUFjhN/AWRQ21LbGYvjeLpZZB6lfZ1BPwifHALGO6oIbyC3CmJe,Shawn,Crawford,https://randomuser.me/api/portraits/men/17.jpg
psampson,bgray@hotmail.com,$2b$12$Q1PUFjhN/AWRQ21LbGYvjeLpZZB6lfZ1BPwifHALGO6oIbyC3CmJe,Peter,Sampson,https://randomuser.me/api/portraits/men/74.jpg
wrightgeorge,tatemallory@sanford-armstrong.com,$2b$12$Q1PUFjhN/AWRQ21LbGYvjeLpZZB6lfZ1BPwifHALGO6oIbyC3CmJe,George,Wright,https://randomuser.me/api/portraits/women/52.jpg
webbmark,lauraconner@hotmail.com,$2b$12$Q1PUFjhN/AWRQ21LbGYvjeLpZZB6lfZ1BPwifHALGO6oIbyC3CmJe,Mark,Webb,https://randomuser.me/api/portraits/women/7.jpg
veronicahaynes,bookerricky@gmail.com,$2b$12$Q1PUFjhN/AWRQ21LbGYvjeLpZZB6lfZ1BPwifHALGO6oIbyC3CmJe,Veronica,Haynes,https://randomuser.me/api/portraits/women/61.jpg
stacymartin,murphytimothy@yahoo.com,$2b$12$Q1PUFjhN/AWRQ21LbGYvjeLpZZB6lfZ1BPwifHALGO6oIbyC3CmJe,Stacy,Martin,https://randomuser.me/api/portraits/men/44.jpg
mendozabrian,timothyritter@gmail.com,$2b$12$Q1PUFjhN/AWRQ21LbGYvjeLpZZB6lfZ1BPwifHALGO6oIbyC3CmJe,Brian,Mendoza,https://randomuser.me/api/portraits/men/56.jpg
wjefferson,christophersims@castaneda-soto.com,$2b$12$Q1PUFjhN/AWRQ21LbGYvjeLpZZB6lfZ1BPwifHALGO6oIbyC3CmJe,Warren,Jefferson,https://randomuser.me/api/portraits/men/12.jpg
blue_the_cat,blue@blue.com,$2b$12$lgIEz.GlnTyJO0e96QBSZ.z1q1tIiD11MeaK/0N46mOZpoNCKqMGO,Blue,Steele,http://lorempixel.com/100/100/cats/3/